{
  "project_info": {
    "project_number": "69203570402",
    "firebase_url": "https://dropdown-ui.firebaseio.com",
    "project_id": "dropdown-ui",
    "storage_bucket": "dropdown-ui.appspot.com"
  },
  "client": [
    {
      "client_info": {
        "mobilesdk_app_id": "1:69203570402:android:d4040122331e4fab8138bb",
        "android_client_info": {
          "package_name": "com.example.FridgeChef"
        }
      },
      "oauth_client": [
        {
          "client_id": "69203570402-t4esigf0ghr12e1in5s39kbgu288sgho.apps.googleusercontent.com",
          "client_type": 3
        }
      ],
      "api_key": [
        {
          "current_key": "AIzaSyBdtI28c_IxSPOWfKow8eGWls7UklDLJYk"
        }
      ],
      "services": {
        "appinvite_service": {
          "other_platform_oauth_client": [
            {
              "client_id": "69203570402-t4esigf0ghr12e1in5s39kbgu288sgho.apps.googleusercontent.com",
              "client_type": 3
            }
          ]
        }
      }
    }
  ],
  "configuration_version": "1"
}